register,value,group,meaning
0x0103,0x01,core,software_reset (self-clearing)
0x0109,0x01,unknown,unknown
0x0104,0x02,unknown,unknown
0x0102,0x00,unknown,unknown
0x0305,0xf9,unknown,unknown
0x0306,0x00,unknown,unknown
0x0307,0x00,unknown,unknown
0x030a,0x01,unknown,unknown
0x0317,0x09,unknown,unknown
0x0323,0x07,unknown,unknown
0x0324,0x01,unknown,unknown
0x0325,0xb0,unknown,unknown
0x0327,0x07,unknown,unknown
0x032c,0x02,unknown,unknown
0x032d,0x02,unknown,unknown
0x032e,0x05,unknown,unknown
0x300f,0x11,PLL/clock configuration (unknown detail),unknown
0x3012,0x21,PLL/clock configuration (unknown detail),unknown
0x3026,0x10,PLL/clock configuration (unknown detail),unknown
0x3027,0x08,PLL/clock configuration (unknown detail),unknown
0x302d,0x24,PLL/clock configuration (unknown detail),unknown
0x3103,0x29,PLL/clock configuration (unknown detail),unknown
0x3106,0x10,PLL/clock configuration (unknown detail),unknown
0x3400,0x00,reserved/analog trim (unknown detail),unknown
0x3406,0x08,reserved/analog trim (unknown detail),unknown
0x3408,0x05,reserved/analog trim (unknown detail),unknown
0x340c,0x05,reserved/analog trim (unknown detail),unknown
0x3425,0x51,reserved/analog trim (unknown detail),unknown
0x3426,0x10,reserved/analog trim (unknown detail),unknown
0x3427,0x14,reserved/analog trim (unknown detail),unknown
0x3428,0x10,reserved/analog trim (unknown detail),unknown
0x3429,0x10,reserved/analog trim (unknown detail),unknown
0x342a,0x10,reserved/analog trim (unknown detail),unknown
0x342b,0x04,reserved/analog trim (unknown detail),unknown
0x3504,0x08,unknown,unknown
0x3508,0x01,unknown,unknown
0x3509,0x00,unknown,unknown
0x3544,0x08,unknown,unknown
0x3548,0x01,unknown,unknown
0x3549,0x00,unknown,unknown
0x3584,0x08,unknown,unknown
0x3588,0x01,unknown,unknown
0x3589,0x00,unknown,unknown
0x3601,0x70,analog/timing block (unknown detail),unknown
0x3604,0xe3,analog/timing block (unknown detail),unknown
0x3605,0x7f,analog/timing block (unknown detail),unknown
0x3606,0x00,analog/timing block (unknown detail),unknown
0x3608,0xa8,analog/timing block (unknown detail),unknown
0x360a,0xd0,analog/timing block (unknown detail),unknown
0x360b,0x08,analog/timing block (unknown detail),unknown
0x360e,0xc8,analog/timing block (unknown detail),unknown
0x360f,0x66,analog/timing block (unknown detail),unknown
0x3610,0x81,analog/timing block (unknown detail),unknown
0x3611,0x89,analog/timing block (unknown detail),unknown
0x3612,0x4e,analog/timing block (unknown detail),unknown
0x3613,0xbd,analog/timing block (unknown detail),unknown
0x362a,0x0e,analog/timing block (unknown detail),unknown
0x362b,0x0e,analog/timing block (unknown detail),unknown
0x362c,0x0e,analog/timing block (unknown detail),unknown
0x362d,0x0e,analog/timing block (unknown detail),unknown
0x362e,0x0c,analog/timing block (unknown detail),unknown
0x362f,0x1a,analog/timing block (unknown detail),unknown
0x3630,0x32,analog/timing block (unknown detail),unknown
0x3631,0x64,analog/timing block (unknown detail),unknown
0x3638,0x00,analog/timing block (unknown detail),unknown
0x3643,0x00,analog/timing block (unknown detail),unknown
0x3644,0x00,analog/timing block (unknown detail),unknown
0x3645,0x00,analog/timing block (unknown detail),unknown
0x3646,0x00,analog/timing block (unknown detail),unknown
0x3647,0x00,analog/timing block (unknown detail),unknown
0x3648,0x00,analog/timing block (unknown detail),unknown
0x3649,0x00,analog/timing block (unknown detail),unknown
0x364a,0x04,analog/timing block (unknown detail),unknown
0x364c,0x0e,analog/timing block (unknown detail),unknown
0x364d,0x0e,analog/timing block (unknown detail),unknown
0x364e,0x0e,analog/timing block (unknown detail),unknown
0x364f,0x0e,analog/timing block (unknown detail),unknown
0x3650,0xff,analog/timing block (unknown detail),unknown
0x3651,0xff,analog/timing block (unknown detail),unknown
0x3661,0x07,analog/timing block (unknown detail),unknown
0x3662,0x02,analog/timing block (unknown detail),unknown
0x3663,0x20,analog/timing block (unknown detail),unknown
0x3665,0x12,analog/timing block (unknown detail),unknown
0x3667,0xd4,analog/timing block (unknown detail),unknown
0x3668,0x80,analog/timing block (unknown detail),unknown
0x366f,0x00,analog/timing block (unknown detail),unknown
0x3670,0xc7,analog/timing block (unknown detail),unknown
0x3671,0x08,analog/timing block (unknown detail),unknown
0x3673,0x2a,analog/timing block (unknown detail),unknown
0x3681,0x80,analog/timing block (unknown detail),unknown
0x3700,0x26,analog/timing block (unknown detail),unknown
0x3701,0x1e,analog/timing block (unknown detail),unknown
0x3702,0x25,analog/timing block (unknown detail),unknown
0x3703,0x28,analog/timing block (unknown detail),unknown
0x3706,0x3e,analog/timing block (unknown detail),unknown
0x3707,0x0a,analog/timing block (unknown detail),unknown
0x3708,0x36,analog/timing block (unknown detail),unknown
0x3709,0x55,analog/timing block (unknown detail),unknown
0x370a,0x00,analog/timing block (unknown detail),unknown
0x370b,0xa3,analog/timing block (unknown detail),unknown
0x3714,0x01,analog/timing block (unknown detail),unknown
0x371b,0x16,analog/timing block (unknown detail),unknown
0x371c,0x00,analog/timing block (unknown detail),unknown
0x371d,0x08,analog/timing block (unknown detail),unknown
0x3756,0x9b,analog/timing block (unknown detail),unknown
0x3757,0x9b,analog/timing block (unknown detail),unknown
0x3762,0x1d,analog/timing block (unknown detail),unknown
0x376c,0x00,analog/timing block (unknown detail),unknown
0x3776,0x05,analog/timing block (unknown detail),unknown
0x3777,0x22,analog/timing block (unknown detail),unknown
0x3779,0x60,analog/timing block (unknown detail),unknown
0x377c,0x48,analog/timing block (unknown detail),unknown
0x3783,0x02,analog/timing block (unknown detail),unknown
0x3784,0x06,analog/timing block (unknown detail),unknown
0x3785,0x0a,analog/timing block (unknown detail),unknown
0x3790,0x10,analog/timing block (unknown detail),unknown
0x3793,0x04,analog/timing block (unknown detail),unknown
0x3794,0x07,analog/timing block (unknown detail),unknown
0x3796,0x00,analog/timing block (unknown detail),unknown
0x3797,0x02,analog/timing block (unknown detail),unknown
0x379c,0x4d,analog/timing block (unknown detail),unknown
0x37a1,0x80,analog/timing block (unknown detail),unknown
0x37bb,0x88,analog/timing block (unknown detail),unknown
0x37bd,0x01,analog/timing block (unknown detail),unknown
0x37be,0x01,analog/timing block (unknown detail),unknown
0x37bf,0x00,analog/timing block (unknown detail),unknown
0x37c0,0x01,analog/timing block (unknown detail),unknown
0x37c7,0x56,analog/timing block (unknown detail),unknown
0x37ca,0x21,analog/timing block (unknown detail),unknown
0x37cc,0x13,analog/timing block (unknown detail),unknown
0x37cd,0x90,analog/timing block (unknown detail),unknown
0x37cf,0x02,analog/timing block (unknown detail),unknown
0x37d1,0x3e,analog/timing block (unknown detail),unknown
0x37d2,0x00,analog/timing block (unknown detail),unknown
0x37d3,0xa3,analog/timing block (unknown detail),unknown
0x37d5,0x3e,analog/timing block (unknown detail),unknown
0x37d6,0x00,analog/timing block (unknown detail),unknown
0x37d7,0xa3,analog/timing block (unknown detail),unknown
0x37d8,0x01,analog/timing block (unknown detail),unknown
0x37da,0x00,analog/timing block (unknown detail),unknown
0x37db,0x00,analog/timing block (unknown detail),unknown
0x37dc,0x00,analog/timing block (unknown detail),unknown
0x37dd,0x00,analog/timing block (unknown detail),unknown
0x3800,0x00,core,x_addr_start[11:8]
0x3801,0x00,core,x_addr_start[7:0]
0x3802,0x00,core,y_addr_start[11:8]
0x3803,0x04,core,y_addr_start[7:0]
0x3804,0x07,core,x_addr_end[11:8]
0x3805,0x8f,core,x_addr_end[7:0]
0x3806,0x04,core,y_addr_end[11:8]
0x3807,0x43,core,y_addr_end[7:0]
0x3808,0x07,core,x_output_size[11:8] (0x780=1920)
0x3809,0x80,core,x_output_size[7:0]
0x380a,0x04,core,y_output_size[11:8] (0x438=1080)
0x380b,0x38,core,y_output_size[7:0]
0x380c,0x03,core,HTS[15:8] line_length_pclk high byte
0x380d,0x3f,core,HTS[7:0] line_length_pclk low byte
0x380e,0x08,core,VTS[15:8] frame_length_lines high byte
0x380f,0x75,core,VTS[7:0] frame_length_lines low byte
0x3811,0x08,unknown,unknown
0x3813,0x04,unknown,unknown
0x3814,0x01,unknown,unknown
0x3815,0x01,unknown,unknown
0x3816,0x01,unknown,unknown
0x3817,0x01,unknown,unknown
0x381c,0x00,unknown,unknown
0x3820,0x02,core,format1 (flip/binning control bits; value toggles between init runs; see notes)
0x3821,0x00,core,format2 (mirror control bits)
0x3822,0x14,unknown,unknown
0x3833,0x41,unknown,unknown
0x384c,0x02,unknown,unknown
0x384d,0xd0,unknown,unknown
0x3858,0x0d,unknown,unknown
0x3865,0x00,unknown,unknown
0x3866,0xc0,unknown,unknown
0x3867,0x00,unknown,unknown
0x3868,0xc0,unknown,unknown
0x3900,0x13,digital/BLC block (unknown detail),unknown
0x3940,0x13,digital/BLC block (unknown detail),unknown
0x3980,0x13,digital/BLC block (unknown detail),unknown
0x390c,0x03,digital/BLC block (unknown detail),unknown
0x390d,0x02,digital/BLC block (unknown detail),unknown
0x390e,0x01,digital/BLC block (unknown detail),unknown
0x390f,0x03,digital/BLC block (unknown detail),unknown
0x3910,0x02,digital/BLC block (unknown detail),unknown
0x3911,0x01,digital/BLC block (unknown detail),unknown
0x394c,0x02,digital/BLC block (unknown detail),unknown
0x394d,0x02,digital/BLC block (unknown detail),unknown
0x394e,0x01,digital/BLC block (unknown detail),unknown
0x394f,0x02,digital/BLC block (unknown detail),unknown
0x3950,0x02,digital/BLC block (unknown detail),unknown
0x3951,0x01,digital/BLC block (unknown detail),unknown
0x398c,0x02,digital/BLC block (unknown detail),unknown
0x398d,0x01,digital/BLC block (unknown detail),unknown
0x398e,0x01,digital/BLC block (unknown detail),unknown
0x398f,0x02,digital/BLC block (unknown detail),unknown
0x3990,0x01,digital/BLC block (unknown detail),unknown
0x3991,0x01,digital/BLC block (unknown detail),unknown
0x5395,0x38,DPC/LENC/digital (unknown detail),unknown
0x5392,0x14,DPC/LENC/digital (unknown detail),unknown
0x5396,0x02,DPC/LENC/digital (unknown detail),unknown
0x5397,0x01,DPC/LENC/digital (unknown detail),unknown
0x5398,0x01,DPC/LENC/digital (unknown detail),unknown
0x5399,0x02,DPC/LENC/digital (unknown detail),unknown
0x539a,0x01,DPC/LENC/digital (unknown detail),unknown
0x539b,0x01,DPC/LENC/digital (unknown detail),unknown
0x5415,0x38,LENC (unknown detail),unknown
0x5412,0x14,LENC (unknown detail),unknown
0x5416,0x01,LENC (unknown detail),unknown
0x5417,0x01,LENC (unknown detail),unknown
0x5418,0x01,LENC (unknown detail),unknown
0x5419,0x01,LENC (unknown detail),unknown
0x541a,0x01,LENC (unknown detail),unknown
0x541b,0x01,LENC (unknown detail),unknown
0x5495,0x38,LENC (unknown detail),unknown
0x5492,0x14,LENC (unknown detail),unknown
0x5496,0x01,LENC (unknown detail),unknown
0x5497,0x01,LENC (unknown detail),unknown
0x5498,0x01,LENC (unknown detail),unknown
0x5499,0x01,LENC (unknown detail),unknown
0x549a,0x01,LENC (unknown detail),unknown
0x549b,0x01,LENC (unknown detail),unknown
0x3c01,0x11,DPC/black-level block (unknown detail),unknown
0x3c05,0x00,DPC/black-level block (unknown detail),unknown
0x3c0f,0x1c,DPC/black-level block (unknown detail),unknown
0x3c12,0x0d,DPC/black-level block (unknown detail),unknown
0x3c14,0x21,DPC/black-level block (unknown detail),unknown
0x3c19,0x01,DPC/black-level block (unknown detail),unknown
0x3c21,0x40,DPC/black-level block (unknown detail),unknown
0x3c3b,0x18,DPC/black-level block (unknown detail),unknown
0x3c3d,0xc9,DPC/black-level block (unknown detail),unknown
0x3c55,0xcb,DPC/black-level block (unknown detail),unknown
0x3c5d,0xcf,DPC/black-level block (unknown detail),unknown
0x3c5e,0xcf,DPC/black-level block (unknown detail),unknown
0x3ce0,0x00,DPC/black-level block (unknown detail),unknown
0x3ce1,0x00,DPC/black-level block (unknown detail),unknown
0x3ce2,0x00,DPC/black-level block (unknown detail),unknown
0x3ce3,0x00,DPC/black-level block (unknown detail),unknown
0x3d8c,0x70,reserved (unknown detail),unknown
0x3d8d,0x10,reserved (unknown detail),unknown
0x4001,0x2f,digital gain/BLC block (unknown detail),unknown
0x4033,0x80,digital gain/BLC block (unknown detail),unknown
0x4008,0x02,digital gain/BLC block (unknown detail),unknown
0x4009,0x11,digital gain/BLC block (unknown detail),unknown
0x4004,0x00,digital gain/BLC block (unknown detail),unknown
0x4005,0x40,digital gain/BLC block (unknown detail),unknown
0x400a,0x01,digital gain/BLC block (unknown detail),unknown
0x400b,0x3c,digital gain/BLC block (unknown detail),unknown
0x400e,0x40,digital gain/BLC block (unknown detail),unknown
0x4011,0xbb,digital gain/BLC block (unknown detail),unknown
0x410f,0x01,reserved/timing (unknown detail),unknown
0x4028,0x6f,digital gain/BLC block (unknown detail),unknown
0x4029,0x0f,digital gain/BLC block (unknown detail),unknown
0x402a,0x3f,digital gain/BLC block (unknown detail),unknown
0x402b,0x01,digital gain/BLC block (unknown detail),unknown
0x402e,0x00,digital gain/BLC block (unknown detail),unknown
0x402f,0x40,digital gain/BLC block (unknown detail),unknown
0x4030,0x00,digital gain/BLC block (unknown detail),unknown
0x4031,0x40,digital gain/BLC block (unknown detail),unknown
0x4032,0x2f,digital gain/BLC block (unknown detail),unknown
0x4050,0x00,digital gain/BLC block (unknown detail),unknown
0x4051,0x07,digital gain/BLC block (unknown detail),unknown
0x4288,0xcf,reserved/timing (unknown detail),unknown
0x4289,0x03,reserved/timing (unknown detail),unknown
0x428a,0x46,reserved/timing (unknown detail),unknown
0x430b,0x0f,DPC (unknown detail),unknown
0x430c,0xfc,DPC (unknown detail),unknown
0x430d,0x00,DPC (unknown detail),unknown
0x430e,0x00,DPC (unknown detail),unknown
0x4314,0x04,DPC (unknown detail),unknown
0x4500,0x18,BLC/LSC (unknown detail),unknown
0x4501,0x18,BLC/LSC (unknown detail),unknown
0x4504,0x00,BLC/LSC (unknown detail),unknown
0x4507,0x02,BLC/LSC (unknown detail),unknown
0x4508,0x1a,BLC/LSC (unknown detail),unknown
0x4603,0x00,BLC/LSC (unknown detail),unknown
0x4640,0x62,BLC/LSC (unknown detail),unknown
0x4646,0xaa,BLC/LSC (unknown detail),unknown
0x4647,0x55,BLC/LSC (unknown detail),unknown
0x4648,0x99,BLC/LSC (unknown detail),unknown
0x4649,0x66,BLC/LSC (unknown detail),unknown
0x464d,0x00,BLC/LSC (unknown detail),unknown
0x4654,0x11,BLC/LSC (unknown detail),unknown
0x4655,0x22,BLC/LSC (unknown detail),unknown
0x4800,0x04,MIPI TX PHY/timing (unknown detail),unknown
0x4810,0xff,MIPI TX PHY/timing (unknown detail),unknown
0x4811,0xff,MIPI TX PHY/timing (unknown detail),unknown
0x480e,0x00,MIPI TX PHY/timing (unknown detail),unknown
0x4813,0x00,MIPI TX PHY/timing (unknown detail),unknown
0x4837,0x0a,MIPI TX PHY/timing (unknown detail),unknown
0x484b,0x27,MIPI TX PHY/timing (unknown detail),unknown
0x4d00,0x4e,OTP/PDAF-related (unknown detail),unknown
0x4d01,0x0c,OTP/PDAF-related (unknown detail),unknown
0x4d02,0xb8,OTP/PDAF-related (unknown detail),unknown
0x4d03,0xea,OTP/PDAF-related (unknown detail),unknown
0x4d04,0x74,OTP/PDAF-related (unknown detail),unknown
0x4d05,0xb7,OTP/PDAF-related (unknown detail),unknown
0x4d09,0x4f,OTP/PDAF-related (unknown detail),unknown
0x5000,0x1f,DPC/LENC/digital (unknown detail),unknown
0x5080,0x00,DPC/LENC/digital (unknown detail),unknown
0x50c0,0x00,DPC/LENC/digital (unknown detail),unknown
0x5100,0x00,DPC/LENC/digital (unknown detail),unknown
0x5200,0x00,DPC/LENC/digital (unknown detail),unknown
0x5201,0x70,DPC/LENC/digital (unknown detail),unknown
0x5202,0x03,DPC/LENC/digital (unknown detail),unknown
0x5203,0x7f,DPC/LENC/digital (unknown detail),unknown
0x5780,0x53,AWB/digital gain related (unknown detail),unknown
0x5786,0x01,AWB/digital gain related (unknown detail),unknown
0x3501,0x04,core,exposure[15:8] (coarse integration time; high byte)
0x382a,0x08,unknown,unknown
0x0303,0x05,unknown,unknown
0x3502,0xda,core,exposure[7:0] (coarse integration time; low byte)
0x0100,0x01,core,mode_select (0=standby; 1=streaming)
